claim_id,claim,evidence_class,proof_checker_or_source,maturity,raw_evidence,paper_location,fresh_recheck_and_limit
C1,Finite certificate acceptance entails same-input old-fault/new-defined relation on the expected finite IR,relative soundness,proofs/contract.md; src/checker.py,written proof and finite corroboration,results/finite-check/certificates.json,Sections 3-4,Not mechanized; no public-source guarantee
C2,Adequate-fuel exhaustive finite search is complete in the supplied domain,bounded completeness,proofs/contract.md; src/producer.py,written proof and fixed finite corroboration,results/finite-check/cases.csv,Section 4,Timeout remains an abstention
C3,A local repair witness coexists with regressions in the same change,exact counterexample,proofs/contract.md; src/fixtures.py,parametric argument and exact enumeration,results/pilot/cases.csv,Sections 3 and 7,Not a prevalence estimate
V1,25 finite cases and 3712 assignments agree across producer replay and family formulas,finite validation,run.py; verify_results.py,retained evidence and current re-execution,results/finite-check/summary.json,Section 7,Owned finite models only
V2,65 combined tests pass including type mutations output tampering and source contexts,unit and adversarial checks,tests/,measured execution,results/clean-replay/unit-tests.stderr.txt,Section 7; Appendix A,Tests are not exhaustive verification or independent review
V3,A retained JSON-depth defect and its repair remain inspectable,historical adverse evidence,src/checker.py; tests/test_core.py,retained failure and current regression test,results/depth-gate-failure; results/depth-gate-repair.json,Section 7,Historical accounting not independently reconstructed
S1,One closed-profile extractor supports 10 of 32 retained static hunks and abstains on 22,source extraction,src/source_frontend.py,deterministically rederived,data/public-study/source-evidence-cases.json,Section 5,No extraction independence or whole-source correspondence
S2,900 guard checks contain 262 distinct pairs and 847 context-admissible checks; W01 adds one range check,expression validation,run_frontend_validation.py; verify_results.py,measured cross-implementation agreement,results/source-frontend/coverage.json; observations.json,Sections 5 and 7,Repeated checks do not increase semantic diversity; no application execution
S3,Public evidence has strict nested types and a unique candidate case record outcome correspondence,source record integrity,src/public_study.py; verify_results.py,adversarially tested,results/public-study/frozen/source-records.json,Section 5,Expected source/context and signed-width assumptions remain trusted
S4,W01 checks only a destination-range separation without an old runtime fault; W09 requires positive element count,contract repair,src/public_study.py; src/source_frontend.py; tests/test_audit_contracts.py,independent checking and context regression tests,results/public-study/frozen/source-records.json,Sections 5 and 7,An accepted range relation does not establish operand or runtime semantics
B1,Partial-label and trusted-total paired intervals are sharp for the declared fixed frame,exact bound,proofs/finite-frame-bounds.md; src/audit_bounds.py,written proofs and independent enumeration,results/finite-frame-audit/summary.json,Section 6,Trusted totals are assumptions; completion class explicit
B2,At-most-h correction and at-most-r insertion intervals are sharp,exact sensitivity,proofs/finite-frame-bounds.md; src/audit_bounds.py,written proofs and independent enumeration,results/finite-frame-audit/summary.json,Section 6,Not estimates of actual label errors or missing candidate counts
B3,26808 formula/oracle comparisons pass on owned n<=4 frames,small-universe validation,run_contract_audit.py,measured exhaustive small-model agreement,results/finite-frame-audit/summary.json,Section 7,Not mechanization and not workload breadth
B4,19834 inherited exact closure comparisons cover frame ambiguity grouping and paired identities,exact accounting,src/closure_checks.py,retained and re-executed,results/closure-checks/summary.json,Sections 6-7,"Model-specific non-identifiability, not a sampling theorem"
P1,Freeze and evaluation execute sequentially in separate processes and all candidates remain in rankings,runtime leakage and accounting controls,freeze_public_study.py; evaluate_public_study.py,measured and mutation-tested,results/public-study/frozen; results/public-study/evaluation,Section 7,Does not erase development-time label knowledge
P2,Retained-label P@20 is 0.75 syntax 0.80 unchecked hints and 0.75 checked evidence,descriptive ranking,src/public_study.py; verify_results.py,recomputed from fixed inputs,results/public-study/evaluation/summary.json; scores.csv,Section 7,Not a strongest-baseline comparison or prospective utility test
P3,The checked top-20 is exactly the syntax top-20; one label correction permits zero hint gain,paired-set and correction result,src/audit_bounds.py; run_contract_audit.py,exact fixed-frame reasoning,results/finite-frame-audit/summary.json,Sections 6-7,No deployment confidence interval
P4,Availability 10/32 files and 10/26 commits differs from positive-conditional coverage 10/16 and 10/10,denominator accounting,src/public_study.py,cross-file recomputed,results/public-study/evaluation/summary.json,Sections 3 and 7,All ratios are conditional on the selected microcohort
G1,Six unsupported design conditions keep historical H1/H2 not testable,evidence gate,data/public-study/study-design.json; src/public_study.py,fail-closed fixed retrospective profile,results/public-study/evaluation/readiness.json,Sections 6-8,Two live facts one retained bound report; editorial checks separate; history not authenticated
L1,67 distinct references are cited and ledger aligned; 22 targeted full-paper depth entries are inherited,editorial source audit,paper/audit_sources.py; reference-verification.csv,mechanical citation audit and depth-disclosed source checks,paper/source-audit.json,Section 2; References,"22 inherited targeted full-paper, 39 abstract, 6 metadata-only; not a new systematic review"
