name,url,license,access_date,resource_type,acquisition_method,integration_mode,supported_claim_or_limit,internals_modified
LLMDA preprint,https://arxiv.org/html/2312.01241v3,arXiv distribution terms; no paper bytes redistributed,2026-09-10,scholarly preprint,Web HTML/PDF targeted inspection,citation and source calibration,"Learned silent-patch classifier using generated explanations, code-text alignment, label-wise learning, and contrastive training; preprint not silently equated with final journal version",no
LLMDA journal record,https://doi.org/10.1145/3749370,publisher copyright; no paper bytes redistributed,2026-09-11,journal metadata,DOI and institutional-record check,bibliographic metadata,"Final title, byline, venue, and DOI; volume/issue metadata retained in bibliography",no
Comprehensive security-patch benchmark,https://doi.org/10.1145/3832783.3837538,publisher copyright; no paper bytes redistributed,2026-09-20,ASE research paper,Stable full text plus publisher/index metadata,citation and protocol calibration,"Twenty-dataset evaluation, temporal transfer, and low-false-positive regimes motivate complete-window acquisition and a strong comparator",no
SPatch,https://chluo1997.github.io/papers/icse24_spatch.pdf,author/ACM copyright; no paper bytes redistributed,2026-09-11,ICSE research paper,Author-hosted PDF first-page and targeted full-text inspection,closest-work citation,"Fine-grained change units and differential symbolic execution are established prior work; exact title, authors, 12-page length, and DOI verified",no
RepoSPD,https://doi.org/10.1109/ICSE55347.2025.00121,publisher copyright; no paper bytes redistributed,2026-09-11,ICSE research paper,arXiv abstract plus DOI/index metadata,citation only,Repository-level graph representation is a strong learned security-patch baseline family,no
GraphSPD,https://doi.org/10.1109/SP46215.2023.00035,publisher copyright; no paper bytes redistributed,2026-09-11,IEEE S&P research paper,publisher/index metadata,citation only,Graph-based security-patch detection baseline and PatchDB/SPI-DB comparison point,no
PatchDB paper,https://doi.org/10.1109/DSN48987.2021.00030,publisher copyright; no paper bytes redistributed,2026-09-11,DSN research paper,publisher/index metadata,citation only,Large-scale patch dataset; motivates explicit provenance and access auditing,no
PatchNet tool paper,https://doi.org/10.1109/ICSE-Companion.2019.00044,publisher copyright; no paper bytes redistributed,2026-09-11,ICSE companion paper,institutional record and index metadata,citation only,Hierarchical deep patch-classification tool; author order and pages verified,no
Security-patch survey,https://doi.org/10.1145/3694782,publisher copyright; no paper bytes redistributed,2026-09-11,survey article,publisher/index metadata,citation only,Recent taxonomy of vulnerability and security-patch detection,no
Witness validation,https://www.sosy-lab.org/research/pub/2015-FSE.Witness_Validation_and_Stepwise_Testification_across_Software_Verifiers.pdf,author/ACM copyright; no paper bytes redistributed,2026-09-11,FSE research paper,Author-hosted PDF and author bibliography,citation and architecture calibration,Cross-verifier witness checking and stepwise testification predate this checker design; exact five-author 2015 record verified,no
Proof-carrying code,https://doi.org/10.1145/263699.263712,publisher copyright; no paper bytes redistributed,2026-09-10,POPL research paper,publisher abstract and metadata,citation of architectural principle,Untrusted producer and small policy checker are established architecture,no
Translation validation,https://weizmann.elsevierpure.com/en/publications/translation-validation-2/,publisher copyright; no paper bytes redistributed,2026-09-10,TACAS research record,institutional abstract and metadata,citation of architectural principle,Source-to-target correspondence is separate from target-evidence checking,no
Safety-property vulnerability repair,https://doi.org/10.1109/SP.2019.00071,publisher copyright; no paper bytes redistributed,2026-09-11,IEEE S&P research paper,publisher and author-record metadata,citation only,Property-based repair uses stronger specifications than the project's pointwise existential relation; exact authors and pages corrected,no
Precision-recall evaluation,https://doi.org/10.1371/journal.pone.0118432,CC BY; no paper bytes redistributed,2026-09-11,journal article,publisher metadata,citation only,Precision-recall views are appropriate for imbalanced operational classification,no
PatchDB data card,https://huggingface.co/datasets/sunlab/patch_db,Apache-2.0 marker plus explicit access and redistribution conditions; reuse unresolved,2026-09-10,public dataset description,Web page inspection only,not integrated,No dataset records consumed; advertised license and access text require reconciliation,no
PatchDB repository,https://github.com/SunLab-GMU/PatchDB,repository terms include data restrictions; no records consumed,2026-09-10,public source repository,README inspection,not integrated,No gated download or contact attempted,no
SPI-DB public schema,https://sites.google.com/view/du-commits/home,no explicit dataset license found on inspected landing page,2026-09-10,dataset landing page,Web page inspection,not integrated,Visible fields do not directly provide all timestamp/revision information required by the protocol,no
Public security-patches CSV repository,https://github.com/security-commits/security-patches-dataset,repository MIT marker; underlying record provenance still requires validation,2026-09-10,dataset repository,GitHub directory and file-metadata inspection,not integrated,"Positive and negative CSVs are listed, but no usable records were retained in this project",no
Unified VFC collection framework,https://github.com/UzL-ITS/vfc_datasets,underlying dataset terms not established,2026-09-10,public source repository,README inspection,not integrated,Potential acquisition route; no data or code executed,no
FSE 2027 research rules,https://conf.researchr.org/track/fse-2027/fse-2027-papers,official public policy page; not redistributed,2026-09-11,official rule,live page inspection,format and policy check,Initial format uses acmsmall screen review anonymous; 18 body pages plus up to 4 reference pages; Data Availability after Conclusion and outside the page limit; double-anonymous and AI-research disclosure/citation-verifiability obligations checked,no
ACM author instructions,https://www.acm.org/publications/authors/submissions,official publisher instructions,2026-09-10,official publisher page,page inspection and supplied-template comparison,format reference,Publisher template family and submission preparation guidance,no
Supplied acmart assets,https://github.com/borisveytsman/acmart,class header and bibliography-style notices apply,2026-09-10,publisher template assets,matched supplied ZIP inspected,unmodified files retained under paper/,Exact supplied formatting assets; complete source-distribution closure requires human external-use review,no
acmart source endpoint,https://raw.githubusercontent.com/borisveytsman/acmart/master/acmart.dtx,upstream LaTeX project license; exact matching source not retained,2026-09-10,publisher class source,endpoint metadata only,not integrated,No claim that current upstream source equals the supplied generated class,no
VFDetector TensorFlow data repository,https://github.com/ntgiang71096/vfdetector,repository/source terms and linked dataset terms; only metadata/excerpts retained,2026-09-13,public dataset repository,GitHub connector immutable blob and commit reads,32-unit frozen microcohort,tf_pos.csv and selected_neg_sha.csv publication order and blob identities; no repository code executed,no
VulCurator TensorFlow dataset record,https://doi.org/10.5281/zenodo.6792205,CC BY 4.0 record; no full CSV redistributed,2026-09-13,public dataset record,Zenodo metadata inspection,provenance support,public TensorFlow commit-message/code-change dataset provenance; artifact retains only selected metadata/excerpts,no
TensorFlow immutable commits for public microcohort,https://github.com/tensorflow/tensorflow,TensorFlow repository license applies; no source tree redistributed,2026-09-13,public source repository,GitHub commit API reads by immutable SHA,source identity and selected-file exact minimal patch excerpts,32 unit identities original messages full paths and source bindings; no TensorFlow code built or executed,no
