citation_key,year,strand,publication_type,evidence_role,screening_depth,verification_status,persistent_identifier,manuscript_use,notes
tang2026llmda,2026,security_patch_detection_and_datasets,article,anchor silent-patch classifier; contrast generated explanations and learned ranking with checked execution evidence,full-text,verified_against_publisher_or_stable_index,doi:10.1145/3749370,cited,Targeted full-paper calibration across the complete paper structure and claim-critical sections is recorded in literature-calibration.csv; no paper bytes are redistributed.
loose2026benchmark,2026,security_patch_detection_and_datasets,inproceedings,benchmark-design adversary; multi-dataset and temporally aware evaluation motivate the prospective closure gates,full-text,verified_against_publisher_or_stable_index,doi:10.1145/3832783.3837538,cited,Targeted full-paper calibration across the complete paper structure and claim-critical sections is recorded in literature-calibration.csv; no paper bytes are redistributed.
luo2024spatch,2024,security_patch_detection_and_datasets,inproceedings,closest method-level adversary; fine-grained safe-patch identification with differential symbolic execution,full-text,verified_against_publisher_or_stable_index,doi:10.1145/3597503.3639104,cited,Targeted full-paper calibration across the complete paper structure and claim-critical sections is recorded in literature-calibration.csv; no paper bytes are redistributed.
wen2025repospd,2025,security_patch_detection_and_datasets,inproceedings,repository-context detector and strong learned baseline family for future comparison,full-text,verified_against_publisher_or_stable_index,doi:10.1109/ICSE55347.2025.00121,cited,Targeted full-paper calibration across the complete paper structure and claim-critical sections is recorded in literature-calibration.csv; no paper bytes are redistributed.
wang2023graphspd,2023,security_patch_detection_and_datasets,inproceedings,graph-based security-patch detector used by later work as a state-of-the-art learned baseline,full-text,verified_against_publisher_or_stable_index,doi:10.1109/SP46215.2023.00035,cited,Targeted full-paper calibration across the complete paper structure and claim-critical sections is recorded in literature-calibration.csv; no paper bytes are redistributed.
wang2021patchdb,2021,security_patch_detection_and_datasets,inproceedings,"major labeled patch dataset and source of provenance, access, and temporal-split concerns",full-text,verified_against_publisher_or_stable_index,doi:10.1109/DSN48987.2021.00030,cited,Targeted full-paper calibration across the complete paper structure and claim-critical sections is recorded in literature-calibration.csv; no paper bytes are redistributed.
reis2021groundtruth,2021,security_patch_detection_and_datasets,misc,"alternative public security-patch collection with natural-language, metadata, and code-change fields",abstract,verified_against_publisher_or_stable_index,doi:10.48550/arXiv.2110.09635,cited,"Title, byline, venue/year, persistent identifier, and claim-level abstract checked."
sabetta2018classification,2018,security_patch_detection_and_datasets,inproceedings,early practical security-relevant commit classifier,full-text,verified_against_publisher_or_stable_index,doi:10.1109/ICSME.2018.00058,cited,Targeted full-paper calibration across the complete paper structure and claim-critical sections is recorded in literature-calibration.csv; no paper bytes are redistributed.
zhou2017securityissues,2017,security_patch_detection_and_datasets,inproceedings,commit-message and issue-report identification baseline,full-text,verified_against_publisher_or_stable_index,doi:10.1145/3106237.3117771,cited,Targeted full-paper calibration across the complete paper structure and claim-critical sections is recorded in literature-calibration.csv; no paper bytes are redistributed.
tian2012linux,2012,security_patch_detection_and_datasets,inproceedings,classical Linux bug-fix patch identification baseline,abstract,verified_against_publisher_or_stable_index,doi:10.1109/ICSE.2012.6227176,cited,"Title, byline, venue/year, persistent identifier, and claim-level abstract checked."
li2017securitypatches,2017,security_patch_detection_and_datasets,inproceedings,"large-scale empirical evidence on security-patch disclosure, timing, and downstream risk",abstract,verified_against_publisher_or_stable_index,doi:10.1145/3133956.3134072,cited,"Title, byline, venue/year, persistent identifier, and claim-level abstract checked."
wang2019secret,2019,security_patch_detection_and_datasets,inproceedings,empirical framing of secret security patches in open-source software,abstract,verified_against_publisher_or_stable_index,doi:10.1109/DSN.2019.00056,cited,"Title, byline, venue/year, persistent identifier, and claim-level abstract checked."
wu2020rulecomparison,2020,security_patch_detection_and_datasets,inproceedings,symbolic rule comparison for characterizing security impact in a patch stream,full-text,verified_against_publisher_or_stable_index,doi:10.14722/ndss.2020.24419,cited,Targeted full-paper calibration across the complete paper structure and claim-critical sections is recorded in literature-calibration.csv; no paper bytes are redistributed.
wen2022branches,2022,security_patch_detection_and_datasets,inproceedings,cross-branch patch-management evidence and propagation boundary,abstract,verified_against_publisher_or_stable_index,doi:10.1145/3485447.3512236,cited,"Title, byline, venue/year, persistent identifier, and claim-level abstract checked."
zheng2021d2a,2021,security_patch_detection_and_datasets,inproceedings,differential-analysis dataset construction and label-quality comparison point,abstract,verified_against_publisher_or_stable_index,doi:10.1109/ICSE-SEIP52600.2021.00020,cited,"Title, byline, venue/year, persistent identifier, and claim-level abstract checked."
hoang2019patchnet,2019,security_patch_detection_and_datasets,inproceedings,hierarchical neural patch-classification tool baseline,full-text,verified_against_publisher_or_stable_index,doi:10.1109/ICSE-Companion.2019.00044,cited,Targeted full-paper calibration across the complete paper structure and claim-critical sections is recorded in literature-calibration.csv; no paper bytes are redistributed.
hoang2020cc2vec,2020,security_patch_detection_and_datasets,inproceedings,distributed representation of code changes used by patch and defect models,full-text,verified_against_publisher_or_stable_index,doi:10.1145/3377811.3380361,cited,Targeted full-paper calibration across the complete paper structure and claim-critical sections is recorded in literature-calibration.csv; no paper bytes are redistributed.
ponta2019dataset,2019,security_patch_detection_and_datasets,inproceedings,manually curated vulnerability-fix dataset and provenance reference,abstract,verified_against_publisher_or_stable_index,doi:10.1109/MSR.2019.00064,cited,"Title, byline, venue/year, persistent identifier, and claim-level abstract checked."
lin2025survey,2025,security_patch_detection_and_datasets,article,recent survey taxonomy for vulnerability and security-patch detection,abstract,verified_against_publisher_or_stable_index,doi:10.1145/3694782,cited,"Title, byline, venue/year, persistent identifier, and claim-level abstract checked."
xu2022tracer,2022,security_patch_detection_and_datasets,inproceedings,multi-source vulnerability-patch tracking beyond database-only labels,abstract,verified_against_publisher_or_stable_index,doi:10.1145/3540250.3549125,cited,"Title, byline, venue/year, persistent identifier, and claim-level abstract checked."
woo2025effectiveness,2025,security_patch_detection_and_datasets,article,large-scale distinction between a reported patch and an effective final repair,abstract,verified_against_publisher_or_stable_index,doi:10.1016/j.cose.2024.104181,cited,"Title, byline, venue/year, persistent identifier, and claim-level abstract checked."
kamei2013jit,2013,prediction_and_evaluation_under_shift,article,foundational commit-level just-in-time quality-assurance study,full-text,verified_against_publisher_or_stable_index,doi:10.1109/TSE.2012.70,cited,Targeted full-paper calibration across the complete paper structure and claim-critical sections is recorded in literature-calibration.csv; no paper bytes are redistributed.
mcintosh2018moving,2018,prediction_and_evaluation_under_shift,article,longitudinal evidence that prediction targets and feature relationships drift,abstract,verified_against_publisher_or_stable_index,doi:10.1109/TSE.2017.2693980,cited,"Title, byline, venue/year, persistent identifier, and claim-level abstract checked."
hoang2019deepjit,2019,prediction_and_evaluation_under_shift,inproceedings,neural just-in-time defect prediction baseline,abstract,verified_against_publisher_or_stable_index,doi:10.1109/MSR.2019.00016,cited,"Title, byline, venue/year, persistent identifier, and claim-level abstract checked."
pornprasit2021jitline,2021,prediction_and_evaluation_under_shift,inproceedings,simpler and line-level just-in-time defect prediction baseline,abstract,verified_against_publisher_or_stable_index,doi:10.1109/MSR52588.2021.00049,cited,"Title, byline, venue/year, persistent identifier, and claim-level abstract checked."
rosen2015commitguru,2015,prediction_and_evaluation_under_shift,inproceedings,analytics-oriented commit risk scoring and decision-support framing,abstract,verified_against_publisher_or_stable_index,doi:10.1145/2786805.2803183,cited,"Title, byline, venue/year, persistent identifier, and claim-level abstract checked."
lessmann2008benchmark,2008,prediction_and_evaluation_under_shift,article,common benchmarking framework for classifier comparison,abstract,verified_against_publisher_or_stable_index,doi:10.1109/TSE.2008.35,cited,"Title, byline, venue/year, persistent identifier, and claim-level abstract checked."
shepperd2013data,2013,prediction_and_evaluation_under_shift,article,data-quality warning for widely used defect datasets,abstract,verified_against_publisher_or_stable_index,doi:10.1109/TSE.2013.11,cited,"Title, byline, venue/year, persistent identifier, and claim-level abstract checked."
tantithamthavorn2017validation,2017,prediction_and_evaluation_under_shift,article,validation-technique effects and optimism risk in defect prediction,abstract,verified_against_publisher_or_stable_index,doi:10.1109/TSE.2016.2584050,cited,"Title, byline, venue/year, persistent identifier, and claim-level abstract checked."
arp2022dos,2022,prediction_and_evaluation_under_shift,inproceedings,"methodological guidance on leakage, base rates, and threat models in security ML",abstract,verified_against_publisher_or_stable_index,usenix:security22-arp,cited,"Title, byline, venue/year, persistent identifier, and claim-level abstract checked."
pendlebury2019tesseract,2019,prediction_and_evaluation_under_shift,inproceedings,spatial and temporal bias analysis for security classification,full-text,verified_against_publisher_or_stable_index,usenix:security19-pendlebury,cited,Targeted full-paper calibration across the complete paper structure and claim-critical sections is recorded in literature-calibration.csv; no paper bytes are redistributed.
saito2015pr,2015,prediction_and_evaluation_under_shift,article,precision-recall evaluation for imbalanced classification,abstract,verified_against_publisher_or_stable_index,doi:10.1371/journal.pone.0118432,cited,"Title, byline, venue/year, persistent identifier, and claim-level abstract checked."
king1976symbolic,1976,symbolic_execution_and_semantic_differencing,article,foundational symbolic-execution semantics and path constraints,metadata-only,verified_against_publisher_or_stable_index,doi:10.1145/360248.360252,cited,"Title, byline, venue/year, and persistent identifier checked; cited only for established attribution."
godefroid2005dart,2005,symbolic_execution_and_semantic_differencing,inproceedings,directed automated random testing combining concrete and symbolic execution,metadata-only,verified_against_publisher_or_stable_index,doi:10.1145/1065010.1065036,cited,"Title, byline, venue/year, and persistent identifier checked; cited only for established attribution."
sen2005cute,2005,symbolic_execution_and_semantic_differencing,inproceedings,concolic unit testing for C programs,metadata-only,verified_against_publisher_or_stable_index,doi:10.1145/1081706.1081750,cited,"Title, byline, venue/year, and persistent identifier checked; cited only for established attribution."
cadar2008klee,2008,symbolic_execution_and_semantic_differencing,inproceedings,systems-scale symbolic execution and path exploration,full-text,verified_against_publisher_or_stable_index,usenix:osdi08-cadar,cited,Targeted full-paper calibration across the complete paper structure and claim-critical sections is recorded in literature-calibration.csv; no paper bytes are redistributed.
cadar2013symbolic,2013,symbolic_execution_and_semantic_differencing,article,retrospective account of symbolic-execution strengths and limits,abstract,verified_against_publisher_or_stable_index,doi:10.1145/2408776.2408795,cited,"Title, byline, venue/year, persistent identifier, and claim-level abstract checked."
weiser1981slicing,1981,symbolic_execution_and_semantic_differencing,inproceedings,foundational program slicing criterion,metadata-only,verified_against_publisher_or_stable_index,dblp:conf/icse/Weiser81,cited,"Title, byline, venue/year, and persistent identifier checked; cited only for established attribution."
horwitz1990slicing,1990,symbolic_execution_and_semantic_differencing,article,interprocedural slicing with dependence graphs,metadata-only,verified_against_publisher_or_stable_index,doi:10.1145/77606.77608,cited,"Title, byline, venue/year, and persistent identifier checked; cited only for established attribution."
tip1995slicing,1995,symbolic_execution_and_semantic_differencing,article,survey of slicing techniques and design choices,metadata-only,verified_against_publisher_or_stable_index,dblp:journals/jpl/Tip95,cited,"Title, byline, venue/year, and persistent identifier checked; cited only for established attribution."
person2008dse,2008,symbolic_execution_and_semantic_differencing,inproceedings,differential symbolic execution over program versions,full-text,verified_against_publisher_or_stable_index,doi:10.1145/1453101.1453131,cited,Targeted full-paper calibration across the complete paper structure and claim-critical sections is recorded in literature-calibration.csv; no paper bytes are redistributed.
lahiri2012symdiff,2012,symbolic_execution_and_semantic_differencing,inproceedings,language-agnostic semantic differencing through a common verification representation,full-text,verified_against_publisher_or_stable_index,doi:10.1007/978-3-642-31424-7_54,cited,Targeted full-paper calibration across the complete paper structure and claim-critical sections is recorded in literature-calibration.csv; no paper bytes are redistributed.
godlin2009regression,2009,symbolic_execution_and_semantic_differencing,inproceedings,relational verification of successive program versions,abstract,verified_against_publisher_or_stable_index,doi:10.1145/1629911.1630034,cited,"Title, byline, venue/year, persistent identifier, and claim-level abstract checked."
necula1997pcc,1997,checked_evidence_and_translation_validation,inproceedings,untrusted producer and small trusted evidence checker architecture,full-text,verified_against_publisher_or_stable_index,doi:10.1145/263699.263712,cited,Targeted full-paper calibration across the complete paper structure and claim-critical sections is recorded in literature-calibration.csv; no paper bytes are redistributed.
pnueli1998translation,1998,checked_evidence_and_translation_validation,inproceedings,per-translation validation as a source-to-target assurance pattern,abstract,verified_against_publisher_or_stable_index,doi:10.1007/BFb0054170,cited,"Title, byline, venue/year, persistent identifier, and claim-level abstract checked."
leroy2009compiler,2009,checked_evidence_and_translation_validation,article,mechanically verified compilation as a stronger source-to-target assurance endpoint,abstract,verified_against_publisher_or_stable_index,doi:10.1145/1538788.1538814,cited,"Title, byline, venue/year, persistent identifier, and claim-level abstract checked."
lopes2021alive2,2021,checked_evidence_and_translation_validation,inproceedings,bounded translation validation for LLVM optimizations,full-text,verified_against_publisher_or_stable_index,doi:10.1145/3453483.3454030,cited,Targeted full-paper calibration across the complete paper structure and claim-critical sections is recorded in literature-calibration.csv; no paper bytes are redistributed.
beyer2015witness,2015,checked_evidence_and_translation_validation,inproceedings,cross-verifier witness validation and stepwise testification,full-text,verified_against_publisher_or_stable_index,doi:10.1145/2786805.2786867,cited,Targeted full-paper calibration across the complete paper structure and claim-critical sections is recorded in literature-calibration.csv; no paper bytes are redistributed.
weimer2009genetic,2009,automated_repair_and_correctness,inproceedings,search-based generation of test-suite-passing patches,abstract,verified_against_publisher_or_stable_index,doi:10.1109/ICSE.2009.5070536,cited,"Title, byline, venue/year, persistent identifier, and claim-level abstract checked."
kim2013par,2013,automated_repair_and_correctness,inproceedings,human-template-based automatic patch generation,abstract,verified_against_publisher_or_stable_index,doi:10.1109/ICSE.2013.6606626,cited,"Title, byline, venue/year, persistent identifier, and claim-level abstract checked."
nguyen2013semfix,2013,automated_repair_and_correctness,inproceedings,semantic-constraint-based program repair,abstract,verified_against_publisher_or_stable_index,doi:10.1109/ICSE.2013.6606623,cited,"Title, byline, venue/year, persistent identifier, and claim-level abstract checked."
long2015spr,2015,automated_repair_and_correctness,inproceedings,staged repair and condition synthesis,abstract,verified_against_publisher_or_stable_index,doi:10.1145/2786805.2786811,cited,"Title, byline, venue/year, persistent identifier, and claim-level abstract checked."
long2016prophet,2016,automated_repair_and_correctness,inproceedings,learned ranking of candidate patches,abstract,verified_against_publisher_or_stable_index,doi:10.1145/2837614.2837617,cited,"Title, byline, venue/year, persistent identifier, and claim-level abstract checked."
mechtaev2016angelix,2016,automated_repair_and_correctness,inproceedings,symbolic multiline patch synthesis,abstract,verified_against_publisher_or_stable_index,doi:10.1145/2884781.2884807,cited,"Title, byline, venue/year, persistent identifier, and claim-level abstract checked."
xuan2017nopol,2017,automated_repair_and_correctness,article,automatic repair of conditional statement bugs,abstract,verified_against_publisher_or_stable_index,doi:10.1109/TSE.2016.2560811,cited,"Title, byline, venue/year, persistent identifier, and claim-level abstract checked."
qi2015plausibility,2015,automated_repair_and_correctness,inproceedings,empirical distinction between plausible and correct generated patches,full-text,verified_against_publisher_or_stable_index,doi:10.1145/2771783.2771791,cited,Targeted full-paper calibration across the complete paper structure and claim-critical sections is recorded in literature-calibration.csv; no paper bytes are redistributed.
smith2015overfitting,2015,automated_repair_and_correctness,inproceedings,overfitting and regressions in automated program repair,abstract,verified_against_publisher_or_stable_index,doi:10.1145/2786805.2786825,cited,"Title, byline, venue/year, persistent identifier, and claim-level abstract checked."
monperrus2018bibliography,2018,automated_repair_and_correctness,article,broad map of automatic software-repair assumptions and evidence,abstract,verified_against_publisher_or_stable_index,doi:10.1145/3105906,cited,"Title, byline, venue/year, persistent identifier, and claim-level abstract checked."
just2014defects4j,2014,automated_repair_and_correctness,inproceedings,controlled bug benchmark and sampled-population boundary,abstract,verified_against_publisher_or_stable_index,doi:10.1145/2610384.2628055,cited,"Title, byline, venue/year, persistent identifier, and claim-level abstract checked."
hu2019safety,2019,automated_repair_and_correctness,inproceedings,property-based vulnerability repair showing the value of stronger specifications,full-text,verified_against_publisher_or_stable_index,doi:10.1109/SP.2019.00071,cited,Targeted full-paper calibration across the complete paper structure and claim-critical sections is recorded in literature-calibration.csv; no paper bytes are redistributed.
nguyen2022vulcurator,2022,security_patch_detection_and_datasets,inproceedings,public TensorFlow vulnerability-fixing commit detector and source dataset for the frozen microcohort,full-text,verified_against_publisher_or_stable_index,doi:10.1145/3540250.3558936,cited,Targeted full-paper calibration across the complete paper structure and claim-critical sections is recorded in literature-calibration.csv; no paper bytes are redistributed.
barr2015oracle,2015,evaluation_and_evidence_methodology,article,Oracle automation distinguishes observed behavior from a justified correctness judgment.,abstract,verified_against_publisher_or_stable_index,doi:10.1109/TSE.2014.2372785,cited,"IEEE publisher abstract and bibliographic record, https://ieeexplore.ieee.org/document/6963470; claim-specific abstract read, not complete survey reread."
runeson2009case,2009,evaluation_and_evidence_methodology,article,Context and unit of analysis must accompany case-study conclusions.,abstract,verified_against_publisher_or_stable_index,doi:10.1007/s10664-008-9102-8,cited,Springer publisher abstract and article metadata read; no claim of full-paper calibration in this revision.
papadakis2019mutation,2019,evaluation_and_evidence_methodology,incollection,"Mutation testing motivates discriminating negative controls, not population soundness estimates.",abstract,verified_against_publisher_or_stable_index,doi:10.1016/bs.adcom.2018.03.015,cited,Author institutional record and abstract read: https://discovery.ucl.ac.uk/id/eprint/10056704/ and https://orbilu.uni.lu/handle/10993/31612.
manski2003partial,2003,evaluation_and_evidence_methodology,book,Distinguish deterministic identification regions from statistical confidence intervals.,abstract,verified_against_publisher_or_stable_index,doi:10.1007/b97478,cited,"Springer publisher overview and metadata read; used only for the partial-identification framing, not as proof of our elementary formulas."
horvitz1952sampling,1952,evaluation_and_evidence_methodology,article,"Probability-sampling estimators require specified inclusion probabilities, absent in a class-selected packet.",abstract,verified_against_publisher_or_stable_index,doi:10.1080/01621459.1952.10483446,cited,Taylor and Francis publisher abstract and metadata read. No Horvitz-Thompson estimate is computed for this artifact.
herzig2013labels,2013,evaluation_and_evidence_methodology,inproceedings,Dataset labels are fallible; a metadata-bound label is not adjudicated truth.,abstract,verified_against_publisher_or_stable_index,doi:10.1109/ICSE.2013.6606585,cited,Author abstract/BibTeX read at https://www.st.cs.uni-saarland.de/publications/details/herzig-icse-2013/; DOI cross-checked with DBLP conf/icse/HerzigJZ13.
