citation_key,calibration_group,full_text_source,selection_rationale,motivating_problem,general_principle,proof_or_performance_argument,practical_connection,evaluation_breadth,artifact_strength,narrative_sequence,section_pattern,bibliography_role,figure_table_role,project_delta,checked_on
tang2026llmda,closest,https://orbilu.uni.lu/bitstream/10993/65669/1/TOSEM25-LLMDA.pdf,Direct research ancestor and closest learned silent-patch detector.,Security fixes can remain silent because commit text and code do not explicitly disclose security impact.,"Combine generated patch explanations, code-text alignment, label-wise instruction learning, and stochastic batch contrastive learning.",Report comparative classification results and ablations on PatchDB and SPI-DB.,Prioritize silent patches at commit time from text and code.,Two public security-patch corpora with multiple learned baselines and component analyses.,Substantial learned pipeline and reproducible model/data description; no independently replayable semantic certificate.,"Operational risk, missing signal, model design, evaluation, then threats and implications.",Introduction; background; approach; experimental design; results; analysis; threats; related work.,Anchor for the problem and explicit boundary against learned classification claims.,"Architecture diagram, dataset/baseline tables, and ablation/result figures organize the evidence.","This project studies a replayable bounded feature and evidence sufficiency, not a replacement universal classifier.",2026-09-20
loose2026benchmark,closest,https://arxiv.org/pdf/2605.13138,Strong benchmark-design adversary for code-centric security-patch detection.,"Reported gains are difficult to compare when datasets, splits, and false-positive regimes differ.",Unify datasets and evaluation while explicitly testing repository and temporal transfer.,Evaluate many model/dataset combinations and expose sensitivity to split and operating point.,Choose detectors under realistic low-false-positive review conditions.,"Twenty datasets, more than 180,000 commits, and 270 evaluated model configurations in the published study.",High-strength benchmark and protocol contribution; emphasizes reproducible evaluation rather than proof-carrying evidence.,"Evaluation problem, unified benchmark, research questions, large comparative results, recommendations.",Introduction; benchmark construction; models; protocol; results; threats; recommendations.,Primary support for demanding a sealed temporal frame and a strong same-budget comparator.,Dataset taxonomy and broad result tables carry the central argument.,The present microcohort deliberately fails those utility gates instead of treating convenience-sample P@20 as prospective evidence.,2026-09-20
luo2024spatch,closest,https://chluo1997.github.io/papers/icse24_spatch.pdf,Closest semantic patch-analysis method.,Coarse security-patch labels do not identify which edits are security-relevant or whether individual changes are safe.,Use differential symbolic execution to compare before/after behavior at fine granularity.,Evaluate safe-patch identification over tens of thousands of commits with manual assessment.,Reduce supply-chain patch risk by locating semantically relevant changes.,"45,296 commits plus detailed manual validation in the reported study.",Executable analysis with substantial empirical scope; the analysis result is not packaged as the same small replay contract used here.,"Supply-chain problem, differential formulation, implementation, large evaluation, error analysis.",Introduction; motivation; design; implementation; evaluation; discussion; related work.,Closest-work adversary that prevents claiming differential symbolic execution itself as novel.,Pipeline diagrams and precision/coverage tables connect method to deployment questions.,"The delta is the explicit checker contract, non-entailment results, and fail-closed empirical readiness decision.",2026-09-20
wen2025repospd,closest,https://doi.org/10.1109/ICSE55347.2025.00121,Closest repository-context security-patch detector.,Patch-only representations omit repository context needed to distinguish security changes.,Represent repository-level program structure and sequence context with progressive learning.,Compare repository-aware detection against patch-level baselines on security-patch datasets.,Improve triage by exploiting context around changed code.,Multi-dataset learned evaluation with ablations of repository graph and progressive components.,Rich repository representation and learned baseline; requires training and does not emit replayable bounded evidence.,"Context gap, repository representation, model, experiments, ablations and cases.",Introduction; motivation; approach; experimental setup; results; discussion; threats.,Supports the strong-baseline gate and the claim that a lexical control is not state of the art.,Repository graph overview and ablation/result tables are central.,The artifact does not claim competitive utility against RepoSPD until a same-budget temporal comparison exists.,2026-09-20
wang2023graphspd,closest,https://csis.gmu.edu/ksun/publications/SP23_GraphSPD.pdf,Graph-semantic detector directly adjacent to the proposed mechanism.,Token sequences lose structural and dependence information in security patches.,Build enriched pre/post code-property graphs and learn patch representations with graph neural networks.,Report gains over text and sequence baselines on established security-patch corpora.,Prioritize security patches from semantic graph structure.,PatchDB/SPI-DB evaluation with comparisons and component analyses.,Substantial released model/data pipeline; evidence remains a learned score rather than an independently replayed relation.,"Representation weakness, PatchCPG construction, graph model, experiments and interpretation.",Introduction; background; approach; evaluation; discussion; threats; related work.,Strong semantic-learning comparator and boundary against equating graph context with checked behavior.,PatchCPG architecture figures and model-comparison tables communicate the contribution.,The present work owns a small auditable certificate and refuses to claim graph-model-level detection effectiveness.,2026-09-20
wang2021patchdb,closest,https://doi.org/10.1109/DSN48987.2021.00030,Foundational data resource used by many security-patch detectors.,Security-patch research lacked a large curated benchmark with patch and vulnerability context.,Construct and validate a large-scale security-patch dataset with systematic collection and characterization.,Use dataset statistics and downstream tasks to demonstrate research utility.,Enable comparable security-patch detection and analysis.,"Large multi-project patch collection with taxonomy, statistics, and quality checks.",High-value public dataset; labels and sampling assumptions remain empirical rather than semantic proof.,"Data gap, collection pipeline, dataset analysis, applications, limitations.",Introduction; methodology; dataset analysis; use cases; threats; related work.,Grounds the public-label ecosystem and motivates explicit provenance/selection ledgers.,Collection pipeline diagrams and descriptive tables establish coverage and composition.,The microcohort is not represented as a population sample of PatchDB or as evidence of dataset-wide coverage.,2026-09-20
sabetta2018classification,closest,https://doi.org/10.1109/ICSME.2018.00058,Early practical security-relevant commit classifier.,Security-relevant commits are difficult to identify from ordinary maintenance traffic.,Combine text and code-change features in a supervised classifier.,Cross-validated classification with manually constructed negatives and precision/recall tradeoffs.,Support practical review queues for security teams.,"2,715 Java commits in the reported experiment, with manual negative construction.",Clear practical baseline but limited language/domain and no temporal blind evaluation.,"Operational problem, feature/model design, evaluation, limitations.",Introduction; approach; experiment; results; related work; conclusion.,Historical classifier baseline and evidence for scrutinizing negative sampling.,Feature summary and precision/recall tables carry the empirical case.,The closure audit treats label-dependent candidate selection as a failed gate rather than a benign detail.,2026-09-20
zhou2017securityissues,closest,https://doi.org/10.1145/3106237.3117771,FSE-track predecessor using development text to identify security issues.,Security-related changes may be hidden in ordinary commit and bug-report language.,Learn from commit messages and bug reports to identify security issues.,Evaluate classifiers and validate on a broad production corpus.,Surface likely security work before explicit disclosure.,"Reported evaluation plus validation across more than 2,000 projects; commit messages are often sparse.",Broad practical validation but reliant on text availability and retrospective labels.,"Missing-signal problem, text features, model, evaluation, production validation.",Introduction; approach; evaluation; production study; threats; related work.,Same-track calibration for concise problem framing and practical validation.,Workflow figure and classifier/validation tables bridge model and operational use.,Replayable evidence addresses a different trust question and cannot inherit text-model generalization.,2026-09-20
wu2020rulecomparison,closest,https://doi.org/10.14722/ndss.2020.24419,Strong symbolic-analysis predecessor for patch impact.,Patch floods make manual security-impact assessment infeasible.,Compare symbolic rules under under-constrained execution to characterize changed security impact.,Demonstrate high precision on a large patch corpus with known security bugs.,Filter patches by precise behavioral impact.,"About 66,000 commits and 227 security bugs in the reported evaluation.",Strong semantic engine and practical scale; trusted modeling assumptions remain broader than the tiny checked IR here.,"Patch-flood motivation, symbolic rules, system, evaluation, limitations.",Introduction; design; implementation; evaluation; discussion; related work.,Prevents novelty claims over semantic patch differencing and motivates explicit trust boundaries.,System architecture and rule-comparison examples are paired with large evaluation tables.,"This project narrows the accepted relation and makes admission, replay, and empirical readiness separately auditable.",2026-09-20
hoang2019patchnet,closest,https://doi.org/10.1109/ICSE-Companion.2019.00044,Direct learned patch-classification tool predecessor.,Commit messages and code changes contain complementary signals for patch classification.,Jointly encode message and diff structure with a deep neural model.,Demonstrate an end-to-end tool and classification performance.,Automate patch triage from development artifacts.,Tool paper with benchmark results and an operational workflow.,Accessible implementation framing; limited evidence about temporal deployment and no checker contract.,"Problem, model overview, tool workflow, evaluation, availability.",Introduction; approach; tool; evaluation; conclusion.,Establishes the learned patch-classification lineage.,Architecture and tool screenshots/summary tables emphasize end-to-end use.,The witness feature is complementary and is not claimed superior without a sealed comparison.,2026-09-20
hoang2020cc2vec,closest,https://arxiv.org/pdf/2003.05620,Influential code-change representation used in patch tasks.,"Flat change encodings discard hierarchical relationships among files, hunks, and lines.",Learn distributed hierarchical representations of code changes from removed/added code.,Evaluate representations on multiple downstream change-analysis tasks.,Provide reusable change embeddings for software analytics.,Multi-task empirical evaluation with comparisons to prior change representations.,Reusable learned representation and public implementation; not an inspectable safety argument.,"Representation gap, hierarchy-aware model, downstream tasks, experiments, analysis.",Introduction; related work; model; tasks; experiments; discussion.,Calibrates representation-learning baselines and narrative economy.,Hierarchical architecture figures and task tables explain transfer across applications.,The project deliberately forbids embeddings in its owned mechanism and therefore needs a same-budget external baseline before utility claims.,2026-09-20
nguyen2022vulcurator,closest,https://arxiv.org/pdf/2209.03260,Closest public TensorFlow VFC detector and provenance source.,Vulnerability-fixing commits are expensive to curate manually at ecosystem scale.,Combine commit information and code changes to detect and curate VFCs.,Evaluate detection and release a public dataset/tool workflow.,Support scalable vulnerability-data curation.,Cross-project public data and a TensorFlow subset used as provenance for this audit.,Useful reproducible detector/dataset source; its labels do not make a selected microcohort prospective.,"Curation problem, detector, dataset construction, evaluation, release.",Introduction; approach; dataset; evaluation; threats; related work.,Primary provenance bridge for the retained public microcohort.,Pipeline and dataset/result tables connect curation method to released records.,The project preserves immutable source identities and still marks label-dependent selection as a failed gate.,2026-09-20
kamei2013jit,influential,https://doi.org/10.1109/TSE.2012.70,Demonstrably influential just-in-time quality-assurance study.,Post-release defect prediction is too late for immediate review allocation.,Predict risky changes at commit time and evaluate both classification and effort-aware utility.,Cross-system empirical modeling with practical effort-aware measures.,Allocate scarce review effort before integration.,Six open-source and five commercial projects in the reported study.,"Large multi-system design and mature threats analysis; labels target defects, not security.","Operational motivation, model factors, multi-project evaluation, effort-aware analysis, implications.",Introduction; background; study design; results; discussion; threats.,Calibrates the review-budget framing and demand for operational metrics.,Factor tables and effort-aware curves connect statistical accuracy to reviewer effort.,"P@20 is fixed as a review-budget metric, while the paper avoids transferring defect-prediction validity to security patches.",2026-09-20
pendlebury2019tesseract,influential,https://www.usenix.org/system/files/sec19-pendlebury.pdf,Influential treatment of spatial and temporal experimental bias.,Random splits can overstate security-classifier performance under ecosystem and time drift.,Constrain evaluation across space and time and distinguish realistic from biased protocols.,Re-evaluate malware classifiers under temporally and spatially faithful splits.,Estimate deployment-relevant security-classifier behavior.,"129,000 Android applications and multiple classifiers in the reported experiments.",Strong protocol and released framework; application domain differs from patches.,"Bias diagnosis, framework, re-evaluation, recommendations, limitations.",Introduction; threat model; methodology; experiments; guidelines; related work.,Core support for temporal holdout and candidate-frame gates.,Timeline/schema diagrams and cross-protocol result tables expose evaluation inflation.,The microcohort refuses a prospective interpretation precisely because it lacks this temporal discipline.,2026-09-20
cadar2008klee,influential,https://www.usenix.org/legacy/event/osdi08/tech/full_papers/cadar/cadar.pdf,Influential symbolic-execution system and evaluation model.,Manual tests miss deep behaviors in complex systems software.,Use path-oriented symbolic execution and constraint solving to generate high-coverage tests.,Apply the system to Coreutils and BusyBox and report coverage and real bugs.,Find correctness defects automatically in production code.,"89 Coreutils utilities, 75 BusyBox utilities, 452 applications, and 56 reported bugs.",Strong open system and broad evaluation; solver/OS models form a substantial trusted base.,"Testing gap, engine, environment models, system evaluation, bug findings.",Introduction; design; implementation; evaluation; limitations; related work.,Calibrates bounded-execution claims and the need to state environment/model limits.,"Architecture, coverage plots, and bug tables balance mechanism and practical impact.",The finite producer is intentionally much smaller and cannot imply KLEE-scale source coverage.,2026-09-20
necula1997pcc,influential,https://doi.org/10.1145/263699.263712,Foundational producer/checker trust-separation paper.,A consumer should not have to trust a code producer to enforce safety.,Require a producer-supplied proof that a small checker validates against a safety policy.,Argue soundness and practicality of proof-carrying code through a concrete architecture.,Move trust from complex production to compact validation.,Foundational formal architecture with illustrative implementation evidence.,Conceptually strong trust boundary; its theorem setting is much richer than this finite JSON certificate.,"Trust problem, architecture, formal condition, implementation considerations, discussion.",Introduction; framework; safety policy/proofs; implementation; related work.,Calibrates the producer/checker argument and prevents novelty inflation.,Architecture diagrams make the trusted/untrusted partition explicit.,"The paper claims only relative replay soundness for a supplied finite representation, not proof-carrying source code.",2026-09-20
lopes2021alive2,influential,https://doi.org/10.1145/3453483.3454030,Influential bounded translation-validation exemplar.,Compiler optimizations can introduce subtle miscompilations despite extensive testing.,Use bounded SMT-based translation validation for LLVM transformations.,Run continuously at scale and report real optimizer and specification defects without false alarms in the studied corpus.,Check transformations independently of the optimizer that produced them.,"Large LLVM deployment reporting 47 bugs, 28 fixes, and 8 language-reference patches.",High-strength open checker and real deployment evidence; boundedness and LLVM semantics are explicit.,"Correctness problem, formal model, validator, engineering, deployment findings.",Introduction; semantics; validation algorithm; implementation; evaluation; limitations.,Calibrates bounded-checker scope and real-world validation standards.,Semantic pipeline figures and bug-category tables connect theorem obligations to deployment.,The project adopts bounded replay but does not claim compiler-grade source semantics or deployment scale.,2026-09-20
person2008dse,adjacent,https://doi.org/10.1145/1453101.1453131,Adjacent semantic-change analysis foundational to the mechanism.,Regression analysis needs executions focused on behavioral differences between program versions.,Differential symbolic execution summarizes and explores changed behavior rather than each version independently.,Demonstrate precise change characterization on evolving Java systems.,Guide regression testing and debugging toward affected behavior.,Two Java program histories in the reported evaluation.,Clear semantic formulation; limited breadth and not a security-patch ranking study.,"Change-analysis problem, differential execution, examples, evaluation, implications.",Introduction; approach; implementation; evaluation; related work.,"Technical ancestor for differential execution, not evidence of security relevance.",Execution-difference examples and case-study tables explain the relation.,The project adds explicit certificate replay and ranking non-entailment rather than renaming differential execution.,2026-09-20
lahiri2012symdiff,adjacent,https://doi.org/10.1007/978-3-642-31424-7_54,Adjacent semantic-difference tool with a language-agnostic IR.,Version comparison across implementation languages needs a common semantic representation.,Translate imperative programs to a common form and verify relational differences.,Demonstrate semantic differencing across examples and tool integrations.,Support regression verification independent of source syntax.,Tool-oriented evaluation over representative imperative programs.,Useful language-agnostic abstraction; correctness depends on frontends and solver semantics.,"Portability problem, IR/relational method, tool, examples and evaluation.",Introduction; design; implementation; evaluation; related work.,Supports the source-to-IR boundary and frontend gate.,Translation/analysis architecture figures are the key explanatory device.,The automatic frontend here recognizes only a declared guard grammar and explicitly abstains elsewhere.,2026-09-20
beyer2015witness,adjacent,https://doi.org/10.1145/2786805.2786867,Closest witness-validation architecture in FSE.,Verifier results are difficult to exchange and independently recheck across tools.,Standardize witnesses and validate them with independent verifiers in a stepwise workflow.,Demonstrate cross-tool witness exchange and re-verification.,Increase trust and interoperability of verification results.,Multiple verifiers and witness-validation scenarios in the reported study.,"Strong open witness ecosystem and formal workflow; targets safety verification, not patch triage.","Trust/interoperability problem, witness format, validation workflow, experiments.",Introduction; concepts; exchange format; validation; evaluation; related work.,Direct calibration for checker independence and claim-bound evidence.,Workflow diagrams and compatibility/result matrices communicate interoperability.,"The contribution is a patch-specific bounded relation plus empirical closure, not witness validation in general.",2026-09-20
qi2015plausibility,adjacent,https://doi.org/10.1145/2771783.2771791,Adjacent result on the gap between passing checks and correctness.,Test-suite-adequate patches can be plausible yet semantically incorrect.,Analyze generated patches beyond test acceptance and characterize overfitting.,Manually and empirically re-evaluate patches from generate-and-validate systems.,Prevent automated repair success rates from being mistaken for correctness.,Multiple repair systems and benchmark defects in the reported analysis.,Influential negative evaluation; manual correctness assessment has its own subjectivity.,"Success claim, re-evaluation method, error taxonomy, implications.",Introduction; systems/data; analysis; results; threats; related work.,Supports the central distinction between accepted evidence and global patch correctness.,Correctness-rate tables and patch examples expose the plausibility gap.,A replayed local witness is explicitly not treated as proof of a globally correct or secure patch.,2026-09-20
hu2019safety,adjacent,https://doi.org/10.1109/SP.2019.00071,Adjacent security-repair work using explicit safety properties.,Generic repair objectives do not encode vulnerability-specific safety requirements.,Drive patch generation with explicit safety properties and program analysis.,Evaluate repairs on real vulnerabilities and compare repair success/correctness.,Generate vulnerability patches aligned with stated security properties.,Reported repair of 32 out of 42 real vulnerabilities.,Strong property-guided mechanism; the property and repair search differ from post-hoc triage.,"Specification gap, property language, repair algorithm, evaluation, limitations.",Introduction; safety properties; synthesis; implementation; evaluation; related work.,Calibrates the value and limits of explicit safety predicates.,Repair workflow diagrams and vulnerability-result tables connect properties to outcomes.,The fixed predicate library is a bounded triage feature and does not claim vulnerability repair.,2026-09-20
