citation_key,authoritative_url,persistent_id,metadata_status,content_check,checked_on,notes
tang2026llmda,https://doi.org/10.1145/3749370,doi:10.1145/3749370,verified,full-text,2026-09-20,Targeted full-paper calibration across the complete paper structure and claim-critical sections is recorded in literature-calibration.csv; no paper bytes are redistributed.
loose2026benchmark,https://doi.org/10.1145/3832783.3837538,doi:10.1145/3832783.3837538,verified,full-text,2026-09-20,Targeted full-paper calibration across the complete paper structure and claim-critical sections is recorded in literature-calibration.csv; no paper bytes are redistributed.
luo2024spatch,https://doi.org/10.1145/3597503.3639104,doi:10.1145/3597503.3639104,verified,full-text,2026-09-20,Targeted full-paper calibration across the complete paper structure and claim-critical sections is recorded in literature-calibration.csv; no paper bytes are redistributed.
wen2025repospd,https://doi.org/10.1109/ICSE55347.2025.00121,doi:10.1109/ICSE55347.2025.00121,verified,full-text,2026-09-20,Targeted full-paper calibration across the complete paper structure and claim-critical sections is recorded in literature-calibration.csv; no paper bytes are redistributed.
wang2023graphspd,https://doi.org/10.1109/SP46215.2023.00035,doi:10.1109/SP46215.2023.00035,verified,full-text,2026-09-20,Targeted full-paper calibration across the complete paper structure and claim-critical sections is recorded in literature-calibration.csv; no paper bytes are redistributed.
wang2021patchdb,https://doi.org/10.1109/DSN48987.2021.00030,doi:10.1109/DSN48987.2021.00030,verified,full-text,2026-09-20,Targeted full-paper calibration across the complete paper structure and claim-critical sections is recorded in literature-calibration.csv; no paper bytes are redistributed.
reis2021groundtruth,https://doi.org/10.48550/arXiv.2110.09635,doi:10.48550/arXiv.2110.09635,verified,abstract,2026-09-18,"Title, byline, venue/year, persistent identifier, and claim-level abstract checked."
sabetta2018classification,https://doi.org/10.1109/ICSME.2018.00058,doi:10.1109/ICSME.2018.00058,verified,full-text,2026-09-20,Targeted full-paper calibration across the complete paper structure and claim-critical sections is recorded in literature-calibration.csv; no paper bytes are redistributed.
zhou2017securityissues,https://doi.org/10.1145/3106237.3117771,doi:10.1145/3106237.3117771,verified,full-text,2026-09-20,Targeted full-paper calibration across the complete paper structure and claim-critical sections is recorded in literature-calibration.csv; no paper bytes are redistributed.
tian2012linux,https://doi.org/10.1109/ICSE.2012.6227176,doi:10.1109/ICSE.2012.6227176,verified,abstract,2026-09-18,"Title, byline, venue/year, persistent identifier, and claim-level abstract checked."
li2017securitypatches,https://doi.org/10.1145/3133956.3134072,doi:10.1145/3133956.3134072,verified,abstract,2026-09-18,"Title, byline, venue/year, persistent identifier, and claim-level abstract checked."
wang2019secret,https://doi.org/10.1109/DSN.2019.00056,doi:10.1109/DSN.2019.00056,verified,abstract,2026-09-18,"Title, byline, venue/year, persistent identifier, and claim-level abstract checked."
wu2020rulecomparison,https://doi.org/10.14722/ndss.2020.24419,doi:10.14722/ndss.2020.24419,verified,full-text,2026-09-20,Targeted full-paper calibration across the complete paper structure and claim-critical sections is recorded in literature-calibration.csv; no paper bytes are redistributed.
wen2022branches,https://doi.org/10.1145/3485447.3512236,doi:10.1145/3485447.3512236,verified,abstract,2026-09-18,"Title, byline, venue/year, persistent identifier, and claim-level abstract checked."
zheng2021d2a,https://doi.org/10.1109/ICSE-SEIP52600.2021.00020,doi:10.1109/ICSE-SEIP52600.2021.00020,verified,abstract,2026-09-18,"Title, byline, venue/year, persistent identifier, and claim-level abstract checked."
hoang2019patchnet,https://doi.org/10.1109/ICSE-Companion.2019.00044,doi:10.1109/ICSE-Companion.2019.00044,verified,full-text,2026-09-20,Targeted full-paper calibration across the complete paper structure and claim-critical sections is recorded in literature-calibration.csv; no paper bytes are redistributed.
hoang2020cc2vec,https://doi.org/10.1145/3377811.3380361,doi:10.1145/3377811.3380361,verified,full-text,2026-09-20,Targeted full-paper calibration across the complete paper structure and claim-critical sections is recorded in literature-calibration.csv; no paper bytes are redistributed.
ponta2019dataset,https://doi.org/10.1109/MSR.2019.00064,doi:10.1109/MSR.2019.00064,verified,abstract,2026-09-18,"Title, byline, venue/year, persistent identifier, and claim-level abstract checked."
lin2025survey,https://doi.org/10.1145/3694782,doi:10.1145/3694782,verified,abstract,2026-09-18,"Title, byline, venue/year, persistent identifier, and claim-level abstract checked."
xu2022tracer,https://doi.org/10.1145/3540250.3549125,doi:10.1145/3540250.3549125,verified,abstract,2026-09-18,"Title, byline, venue/year, persistent identifier, and claim-level abstract checked."
woo2025effectiveness,https://doi.org/10.1016/j.cose.2024.104181,doi:10.1016/j.cose.2024.104181,verified,abstract,2026-09-18,"Title, byline, venue/year, persistent identifier, and claim-level abstract checked."
kamei2013jit,https://doi.org/10.1109/TSE.2012.70,doi:10.1109/TSE.2012.70,verified,full-text,2026-09-20,Targeted full-paper calibration across the complete paper structure and claim-critical sections is recorded in literature-calibration.csv; no paper bytes are redistributed.
mcintosh2018moving,https://doi.org/10.1109/TSE.2017.2693980,doi:10.1109/TSE.2017.2693980,verified,abstract,2026-09-18,"Title, byline, venue/year, persistent identifier, and claim-level abstract checked."
hoang2019deepjit,https://doi.org/10.1109/MSR.2019.00016,doi:10.1109/MSR.2019.00016,verified,abstract,2026-09-18,"Title, byline, venue/year, persistent identifier, and claim-level abstract checked."
pornprasit2021jitline,https://doi.org/10.1109/MSR52588.2021.00049,doi:10.1109/MSR52588.2021.00049,verified,abstract,2026-09-18,"Title, byline, venue/year, persistent identifier, and claim-level abstract checked."
rosen2015commitguru,https://doi.org/10.1145/2786805.2803183,doi:10.1145/2786805.2803183,verified,abstract,2026-09-18,"Title, byline, venue/year, persistent identifier, and claim-level abstract checked."
lessmann2008benchmark,https://doi.org/10.1109/TSE.2008.35,doi:10.1109/TSE.2008.35,verified,abstract,2026-09-18,"Title, byline, venue/year, persistent identifier, and claim-level abstract checked."
shepperd2013data,https://doi.org/10.1109/TSE.2013.11,doi:10.1109/TSE.2013.11,verified,abstract,2026-09-18,"Title, byline, venue/year, persistent identifier, and claim-level abstract checked."
tantithamthavorn2017validation,https://doi.org/10.1109/TSE.2016.2584050,doi:10.1109/TSE.2016.2584050,verified,abstract,2026-09-18,"Title, byline, venue/year, persistent identifier, and claim-level abstract checked."
arp2022dos,https://www.usenix.org/conference/usenixsecurity22/presentation/arp,usenix:security22-arp,verified,abstract,2026-09-18,"Title, byline, venue/year, persistent identifier, and claim-level abstract checked."
pendlebury2019tesseract,https://www.usenix.org/conference/usenixsecurity19/presentation/pendlebury,usenix:security19-pendlebury,verified,full-text,2026-09-20,Targeted full-paper calibration across the complete paper structure and claim-critical sections is recorded in literature-calibration.csv; no paper bytes are redistributed.
saito2015pr,https://doi.org/10.1371/journal.pone.0118432,doi:10.1371/journal.pone.0118432,verified,abstract,2026-09-18,"Title, byline, venue/year, persistent identifier, and claim-level abstract checked."
king1976symbolic,https://doi.org/10.1145/360248.360252,doi:10.1145/360248.360252,verified,metadata-only,2026-09-18,"Title, byline, venue/year, and persistent identifier checked; cited only for established attribution."
godefroid2005dart,https://doi.org/10.1145/1065010.1065036,doi:10.1145/1065010.1065036,verified,metadata-only,2026-09-18,"Title, byline, venue/year, and persistent identifier checked; cited only for established attribution."
sen2005cute,https://doi.org/10.1145/1081706.1081750,doi:10.1145/1081706.1081750,verified,metadata-only,2026-09-18,"Title, byline, venue/year, and persistent identifier checked; cited only for established attribution."
cadar2008klee,https://www.usenix.org/conference/osdi08/technical-sessions/presentation/cadar,usenix:osdi08-cadar,verified,full-text,2026-09-20,Targeted full-paper calibration across the complete paper structure and claim-critical sections is recorded in literature-calibration.csv; no paper bytes are redistributed.
cadar2013symbolic,https://doi.org/10.1145/2408776.2408795,doi:10.1145/2408776.2408795,verified,abstract,2026-09-18,"Title, byline, venue/year, persistent identifier, and claim-level abstract checked."
weiser1981slicing,https://dblp.org/rec/conf/icse/Weiser81,dblp:conf/icse/Weiser81,verified,metadata-only,2026-09-18,"Title, byline, venue/year, and persistent identifier checked; cited only for established attribution."
horwitz1990slicing,https://doi.org/10.1145/77606.77608,doi:10.1145/77606.77608,verified,metadata-only,2026-09-18,"Title, byline, venue/year, and persistent identifier checked; cited only for established attribution."
tip1995slicing,https://dblp.org/rec/journals/jpl/Tip95,dblp:journals/jpl/Tip95,verified,metadata-only,2026-09-18,"Title, byline, venue/year, and persistent identifier checked; cited only for established attribution."
person2008dse,https://doi.org/10.1145/1453101.1453131,doi:10.1145/1453101.1453131,verified,full-text,2026-09-20,Targeted full-paper calibration across the complete paper structure and claim-critical sections is recorded in literature-calibration.csv; no paper bytes are redistributed.
lahiri2012symdiff,https://doi.org/10.1007/978-3-642-31424-7_54,doi:10.1007/978-3-642-31424-7_54,verified,full-text,2026-09-20,Targeted full-paper calibration across the complete paper structure and claim-critical sections is recorded in literature-calibration.csv; no paper bytes are redistributed.
godlin2009regression,https://doi.org/10.1145/1629911.1630034,doi:10.1145/1629911.1630034,verified,abstract,2026-09-18,"Title, byline, venue/year, persistent identifier, and claim-level abstract checked."
necula1997pcc,https://doi.org/10.1145/263699.263712,doi:10.1145/263699.263712,verified,full-text,2026-09-20,Targeted full-paper calibration across the complete paper structure and claim-critical sections is recorded in literature-calibration.csv; no paper bytes are redistributed.
pnueli1998translation,https://doi.org/10.1007/BFb0054170,doi:10.1007/BFb0054170,verified,abstract,2026-09-18,"Title, byline, venue/year, persistent identifier, and claim-level abstract checked."
leroy2009compiler,https://doi.org/10.1145/1538788.1538814,doi:10.1145/1538788.1538814,verified,abstract,2026-09-18,"Title, byline, venue/year, persistent identifier, and claim-level abstract checked."
lopes2021alive2,https://doi.org/10.1145/3453483.3454030,doi:10.1145/3453483.3454030,verified,full-text,2026-09-20,Targeted full-paper calibration across the complete paper structure and claim-critical sections is recorded in literature-calibration.csv; no paper bytes are redistributed.
beyer2015witness,https://doi.org/10.1145/2786805.2786867,doi:10.1145/2786805.2786867,verified,full-text,2026-09-20,Targeted full-paper calibration across the complete paper structure and claim-critical sections is recorded in literature-calibration.csv; no paper bytes are redistributed.
weimer2009genetic,https://doi.org/10.1109/ICSE.2009.5070536,doi:10.1109/ICSE.2009.5070536,verified,abstract,2026-09-18,"Title, byline, venue/year, persistent identifier, and claim-level abstract checked."
kim2013par,https://doi.org/10.1109/ICSE.2013.6606626,doi:10.1109/ICSE.2013.6606626,verified,abstract,2026-09-18,"Title, byline, venue/year, persistent identifier, and claim-level abstract checked."
nguyen2013semfix,https://doi.org/10.1109/ICSE.2013.6606623,doi:10.1109/ICSE.2013.6606623,verified,abstract,2026-09-18,"Title, byline, venue/year, persistent identifier, and claim-level abstract checked."
long2015spr,https://doi.org/10.1145/2786805.2786811,doi:10.1145/2786805.2786811,verified,abstract,2026-09-18,"Title, byline, venue/year, persistent identifier, and claim-level abstract checked."
long2016prophet,https://doi.org/10.1145/2837614.2837617,doi:10.1145/2837614.2837617,verified,abstract,2026-09-18,"Title, byline, venue/year, persistent identifier, and claim-level abstract checked."
mechtaev2016angelix,https://doi.org/10.1145/2884781.2884807,doi:10.1145/2884781.2884807,verified,abstract,2026-09-18,"Title, byline, venue/year, persistent identifier, and claim-level abstract checked."
xuan2017nopol,https://doi.org/10.1109/TSE.2016.2560811,doi:10.1109/TSE.2016.2560811,verified,abstract,2026-09-18,"Title, byline, venue/year, persistent identifier, and claim-level abstract checked."
qi2015plausibility,https://doi.org/10.1145/2771783.2771791,doi:10.1145/2771783.2771791,verified,full-text,2026-09-20,Targeted full-paper calibration across the complete paper structure and claim-critical sections is recorded in literature-calibration.csv; no paper bytes are redistributed.
smith2015overfitting,https://doi.org/10.1145/2786805.2786825,doi:10.1145/2786805.2786825,verified,abstract,2026-09-18,"Title, byline, venue/year, persistent identifier, and claim-level abstract checked."
monperrus2018bibliography,https://doi.org/10.1145/3105906,doi:10.1145/3105906,verified,abstract,2026-09-18,"Title, byline, venue/year, persistent identifier, and claim-level abstract checked."
just2014defects4j,https://doi.org/10.1145/2610384.2628055,doi:10.1145/2610384.2628055,verified,abstract,2026-09-18,"Title, byline, venue/year, persistent identifier, and claim-level abstract checked."
hu2019safety,https://doi.org/10.1109/SP.2019.00071,doi:10.1109/SP.2019.00071,verified,full-text,2026-09-20,Targeted full-paper calibration across the complete paper structure and claim-critical sections is recorded in literature-calibration.csv; no paper bytes are redistributed.
nguyen2022vulcurator,https://doi.org/10.1145/3540250.3558936,doi:10.1145/3540250.3558936,verified,full-text,2026-09-20,Targeted full-paper calibration across the complete paper structure and claim-critical sections is recorded in literature-calibration.csv; no paper bytes are redistributed.
