id,identity_digest,commit,group,filename,witness_case,commit_url
U001,0017e02b2e00915c2b1e589b2dd5c75269f85d359f0992714880e574dac56701,835ac7291dd62277e27d1a66e241608b98790bb3,835ac7291dd62277e27d1a66e241608b98790bb3,tensorflow/python/keras/engine/network.py,,https://github.com/tensorflow/tensorflow/commit/835ac7291dd62277e27d1a66e241608b98790bb3
U002,085af01f4abd034b5bbeeba234ed10cb7461b685769429ea287738e1b5a0fcc9,5c438dfc7a0d47b18f0064c6ad6172df6eee4325,5c438dfc7a0d47b18f0064c6ad6172df6eee4325,gradient_checker_v2.py,,https://github.com/tensorflow/tensorflow/commit/5c438dfc7a0d47b18f0064c6ad6172df6eee4325
U003,0b87588ba05e4d645f9244a368bfc2d1a90bf12231347337c21875d4e651dc93,08d7b00c0a5a20926363849f611729f53f3ec022,08d7b00c0a5a20926363849f611729f53f3ec022,common_shape_fns.cc,W01,https://github.com/tensorflow/tensorflow/commit/08d7b00c0a5a20926363849f611729f53f3ec022
U004,1f91828683ff4fef0b70304ccaad1e5a5db92134248b2a365fc6c567e662c492,f68fdab93fb7f4ddb4eb438c8fe052753c9413e8,f68fdab93fb7f4ddb4eb438c8fe052753c9413e8,string_ngrams_op.cc,W02,https://github.com/tensorflow/tensorflow/commit/f68fdab93fb7f4ddb4eb438c8fe052753c9413e8
U005,21c7ec14209be20c67aaf078b7ca00b515f3c913a6ccdefec5ac69d2adab55b4,716fea7be71d03ba486dde6c1adba245d18e805f,716fea7be71d03ba486dde6c1adba245d18e805f,losses_impl.py,,https://github.com/tensorflow/tensorflow/commit/716fea7be71d03ba486dde6c1adba245d18e805f
U006,2621132e4d14fd4f1a54ba72a28608561ee056ee09bed93fb93ff4c54a0b4783,3218043d6d3a019756607643cf65574fbfef5d7a,3218043d6d3a019756607643cf65574fbfef5d7a,op_level_cost_estimator_test.cc,,https://github.com/tensorflow/tensorflow/commit/3218043d6d3a019756607643cf65574fbfef5d7a
U007,27efc13e797154fa0853f6494bff7e39b0b9d7630d24cf002cfd646e52754e86,08d7b00c0a5a20926363849f611729f53f3ec022,08d7b00c0a5a20926363849f611729f53f3ec022,concat_op_test.py,,https://github.com/tensorflow/tensorflow/commit/08d7b00c0a5a20926363849f611729f53f3ec022
U008,2ac1cbd000d855591c40dad45e204d2eadcc2da6c6774decfb90f8a65706e110,e3749a6d5d1e8d11806d4a2e9cc3123d1a90b75e,e3749a6d5d1e8d11806d4a2e9cc3123d1a90b75e,threadpool_dataset_op.cc,W03,https://github.com/tensorflow/tensorflow/commit/e3749a6d5d1e8d11806d4a2e9cc3123d1a90b75e
U009,2bc06a5d4837cd9402ab5d74574117a807f7c6b07c4fcac0db0ac745b5f77074,2b703011163454ae15ba07ec89dd6bd2d8633a00,2b703011163454ae15ba07ec89dd6bd2d8633a00,simple_placer.cc,,https://github.com/tensorflow/tensorflow/commit/2b703011163454ae15ba07ec89dd6bd2d8633a00
U010,35322d85f31c842ce860e5c828c5906dfe5feb4e8c6dbaf8be45056c31088f94,b64638ec5ccaa77b7c1eb90958e3d85ce381f91b,b64638ec5ccaa77b7c1eb90958e3d85ce381f91b,array_ops.cc,W04,https://github.com/tensorflow/tensorflow/commit/b64638ec5ccaa77b7c1eb90958e3d85ce381f91b
U011,367643d322ab1b5de83208ec9b9142ab13bf29ac0082d6601ec76f12e31b478e,b64638ec5ccaa77b7c1eb90958e3d85ce381f91b,b64638ec5ccaa77b7c1eb90958e3d85ce381f91b,array_ops_test.py,,https://github.com/tensorflow/tensorflow/commit/b64638ec5ccaa77b7c1eb90958e3d85ce381f91b
U012,4150dc36711f0d778d0245c643fcc7ebce2869de6584920405015ffbe48310a8,898c7319013fede56e08370f6aa9998aaad9df35,898c7319013fede56e08370f6aa9998aaad9df35,compat.py,,https://github.com/tensorflow/tensorflow/commit/898c7319013fede56e08370f6aa9998aaad9df35
U013,4a20ee789442f9186894d96467b6a62c72c98ce9123cbcb3f45153f58388483f,002408c3696b173863228223d535f9de72a101a9,002408c3696b173863228223d535f9de72a101a9,fractional_avg_pool_op.cc,W05,https://github.com/tensorflow/tensorflow/commit/002408c3696b173863228223d535f9de72a101a9
U014,5a852a6566df633a20519b635ab05ea1f11c3e82bee7b877b060a76a96264037,8f457cef03c03dbd646824739f152d103c4239e8,8f457cef03c03dbd646824739f152d103c4239e8,saved_model_aot_compile.py,,https://github.com/tensorflow/tensorflow/commit/8f457cef03c03dbd646824739f152d103c4239e8
U015,6118e6c1b084a5da0f63749a93a200ccc9d22845de6b80bfcb6cd3965d81afc6,cebfa65df5451af59f88115d509b4a7830d34d26,cebfa65df5451af59f88115d509b4a7830d34d26,tensorflow/lite/build_def.bzl,,https://github.com/tensorflow/tensorflow/commit/cebfa65df5451af59f88115d509b4a7830d34d26
U016,6a747825fd486ac388bb26317d850a7d3a0c194abbfa4737973f9fcf68a4cde9,547daed2591ff84b4c9d27ae26336ab4b6d5bf06,547daed2591ff84b4c9d27ae26336ab4b6d5bf06,gather_functor.h,,https://github.com/tensorflow/tensorflow/commit/547daed2591ff84b4c9d27ae26336ab4b6d5bf06
U017,6ac9253fc537fd4b9c5e6c4280377d143d2a3765de8e1f1ae7d654960aa264eb,4475cc8744b1c6b2f61052a5da0810ecc34ee642,4475cc8744b1c6b2f61052a5da0810ecc34ee642,session_test.py,,https://github.com/tensorflow/tensorflow/commit/4475cc8744b1c6b2f61052a5da0810ecc34ee642
U018,6ae2a2737d1b0f67ff4bf0971209016929d07117c98e4cbbd03610a0aa6a8c79,58b34c6c8250983948b5a781b426f6aa01fd47af,58b34c6c8250983948b5a781b426f6aa01fd47af,array_ops_test.py,,https://github.com/tensorflow/tensorflow/commit/58b34c6c8250983948b5a781b426f6aa01fd47af
U019,7d7fe34ac701d73b30886d883ae27ac7b236aa496fde3129c7a27f5a8ceaeff0,9b1fe8f31ee1788208d8d6b7385382e436c5e1d7,9b1fe8f31ee1788208d8d6b7385382e436c5e1d7,debug_data_test.py,,https://github.com/tensorflow/tensorflow/commit/9b1fe8f31ee1788208d8d6b7385382e436c5e1d7
U020,84b2e9cd2f7e455a2b7ab12ee1e01d927ff3486f5c0541676745b7efe1d6334c,c654965d9336981338e39e5eb1bb9632293b571b,c654965d9336981338e39e5eb1bb9632293b571b,tensorflow/compiler/mlir/lite/metrics/BUILD,,https://github.com/tensorflow/tensorflow/commit/c654965d9336981338e39e5eb1bb9632293b571b
U021,960320c0d9dcb2a0a05f6142eae8293812b56f2e85ee99daba86fe602f73168e,3218043d6d3a019756607643cf65574fbfef5d7a,3218043d6d3a019756607643cf65574fbfef5d7a,op_level_cost_estimator.h,,https://github.com/tensorflow/tensorflow/commit/3218043d6d3a019756607643cf65574fbfef5d7a
U022,983e4820bc1e06d70af221cf2a9d731aefeabeed12b47648766f4e7c9ca93885,37c01fb5e25c3d80213060460196406c43d31995,37c01fb5e25c3d80213060460196406c43d31995,array_ops.cc,W06,https://github.com/tensorflow/tensorflow/commit/37c01fb5e25c3d80213060460196406c43d31995
U023,a3deec22e9a3ea0fe5fbf954f127ed923e6bb38b8ac1ded2584c9baeb64506ee,002408c3696b173863228223d535f9de72a101a9,002408c3696b173863228223d535f9de72a101a9,fractional_avg_pool_op_test.py,,https://github.com/tensorflow/tensorflow/commit/002408c3696b173863228223d535f9de72a101a9
U024,b767be0135882ee55469fff2e5d7f50bedfbeb203a99376e70295df639f77420,23968a8bf65b009120c43b5ebcceaf52dbc9e943,23968a8bf65b009120c43b5ebcceaf52dbc9e943,dequantize_op.cc,W07,https://github.com/tensorflow/tensorflow/commit/23968a8bf65b009120c43b5ebcceaf52dbc9e943
U025,c9282f5cee7d52fe5d4d2f986ebc952abaf52ac59af5faf21e80dc690d6663f8,a9f8a9b1c1995dc4a7c0b6d53df8af6082325360,a9f8a9b1c1995dc4a7c0b6d53df8af6082325360,tensorflow/c/eager/c_api_remote_test.cc,,https://github.com/tensorflow/tensorflow/commit/a9f8a9b1c1995dc4a7c0b6d53df8af6082325360
U026,d1f3a3cf31ff0e949429918bd3fcfadce83f37172f74abd98b29866548003801,e5379bb6c053c1d1af913cd1c8c14663191e58b3,e5379bb6c053c1d1af913cd1c8c14663191e58b3,mirrored_strategy.py,,https://github.com/tensorflow/tensorflow/commit/e5379bb6c053c1d1af913cd1c8c14663191e58b3
U027,d476a17c8a86a95e3a7dede4650bb04c110f32adee9595adda0cb1d996b02ee1,72aa2aea58513bb00f3d9cf24bc79ebe880258a7,72aa2aea58513bb00f3d9cf24bc79ebe880258a7,tpu_client.cc,,https://github.com/tensorflow/tensorflow/commit/72aa2aea58513bb00f3d9cf24bc79ebe880258a7
U028,dd885f9ec4f792dae02c808b727d58ea29afdb62e90989e82967c064927fbafa,3218043d6d3a019756607643cf65574fbfef5d7a,3218043d6d3a019756607643cf65574fbfef5d7a,op_level_cost_estimator.cc,W08,https://github.com/tensorflow/tensorflow/commit/3218043d6d3a019756607643cf65574fbfef5d7a
U029,e0aa714ae31273a1970e903056e8d1fc79f4f7a0347ba792a4691496264c2eda,880d16bc8fcf8160037abc05c2585baed6a35cd5,880d16bc8fcf8160037abc05c2585baed6a35cd5,guarantee_all_funcs_one_use.cc,,https://github.com/tensorflow/tensorflow/commit/880d16bc8fcf8160037abc05c2585baed6a35cd5
U030,e53a5736fdab24903c1ad016a19ff8b37432f6d32e2297430641afd0aad2a15b,49e59a8cad98ff3cfaa38247108bad2f8d23e70f,49e59a8cad98ff3cfaa38247108bad2f8d23e70f,executable_run_options.h,,https://github.com/tensorflow/tensorflow/commit/49e59a8cad98ff3cfaa38247108bad2f8d23e70f
U031,e5a9babdfd2ade838029a215c347da27241f54adf92e818fe25f8d4c057f97ce,f57315566d7094f322b784947093406c2aea0d7d,f57315566d7094f322b784947093406c2aea0d7d,map_stage_op.cc,W09,https://github.com/tensorflow/tensorflow/commit/f57315566d7094f322b784947093406c2aea0d7d
U032,f1e68420007792552107ecaa58f5c17c53e843ab7b803164682c0b8e5d568d15,58b34c6c8250983948b5a781b426f6aa01fd47af,58b34c6c8250983948b5a781b426f6aa01fd47af,unravel_index_op.cc,W10,https://github.com/tensorflow/tensorflow/commit/58b34c6c8250983948b5a781b426f6aa01fd47af
