case,family,width,assignments,repair,regression,both-safe,both-fault,search_assignments,certificate_accepted,obligations
C01,saturating-step,2,16,4,0,12,0,13,1,456
C02,identical,2,16,0,0,12,4,16,0,304
C03,modular-commutation,2,16,0,0,16,0,16,0,304
C04,guarded-index,2,16,10,0,6,0,1,1,312
C05,reverse-guard,2,16,0,10,6,0,16,0,436
C06,mixed-change,2,16,4,4,8,0,13,1,384
C07,dead-branch,2,16,0,0,16,0,16,0,304
C08,incomplete-guard,2,16,6,0,6,4,5,1,368
C09,saturating-step,3,64,8,0,56,0,57,1,1888
C10,identical,3,64,0,0,56,8,64,0,1216
C11,modular-commutation,3,64,0,0,64,0,64,0,1216
C12,guarded-index,3,64,36,0,28,0,1,1,1216
C13,reverse-guard,3,64,0,36,28,0,64,0,1768
C14,mixed-change,3,64,8,8,48,0,57,1,1552
C15,dead-branch,3,64,0,0,64,0,64,0,1216
C16,incomplete-guard,3,64,28,0,28,8,9,1,1328
C17,saturating-step,4,256,16,0,240,0,241,1,7728
C18,identical,4,256,0,0,240,16,256,0,4864
C19,modular-commutation,4,256,0,0,256,0,256,0,4864
C20,guarded-index,4,256,136,0,120,0,1,1,4848
C21,reverse-guard,4,256,0,136,120,0,256,0,7120
C22,mixed-change,4,256,16,16,224,0,241,1,6288
C23,dead-branch,4,256,0,0,256,0,256,0,4864
C24,incomplete-guard,4,256,120,0,120,16,17,1,5072
C25,mixed-change,5,1024,32,32,960,0,993,1,25360
